<!DOCTYPE beans PUBLIC "-//SPRING//DTD BEAN//EN"
"http://www.springframework.org/dtd/spring-beans.dtd">
<beans>
	<!-- ========================= VIEW DEFINITIONS ========================= -->
	<bean id="viewResolver" class="org.springframework.web.servlet.view.InternalResourceViewResolver">
		<property name="viewClass">
			<value>org.springframework.web.servlet.view.JstlView</value>
		</property>
		<property name="prefix">
			<value>/WEB-INF/jsp/</value>
		</property>
		<property name="suffix">
			<value>.jsp</value>
		</property>
		<property name="contentType">
			<value>text/html;charset=UTF8</value>
		</property>
	</bean>	

	<bean id="multipartResolver" class="org.springframework.web.multipart.commons.CommonsMultipartResolver">
		<property name="maxUploadSize">
			<value>104857600</value>
		</property>
		<property name="maxInMemorySize">
			<value>4096</value>
		</property>
	</bean>
		
	<!-- extends Multi Action -->
	<bean id="methodNameResolver" class="org.springframework.web.servlet.mvc.multiaction.ParameterMethodNameResolver">
		<property name="paramName">
			<value>action</value>
		</property>
	</bean>
	
	<bean name="/newMessage.do" class="example.view.action.NewMessageAction">
		<property name="guzzContext" ref="guzzContext" />
	</bean>
	
	<bean name="/voteMessage.do" class="example.view.action.VoteMessageAction">
		<property name="slowUpdateService" ref="guzzSlowUpdateService" />
	</bean>
	
	<bean name="/deleteMessage.do" class="example.view.action.DeleteMessageAction">
		<property name="guzzContext" ref="guzzContext" />
		<property name="slowUpdateService" ref="guzzSlowUpdateService" />
	</bean>
	
</beans>
